{
  "run_id": "91b1396db4be4c8993196734f53bdee6",
  "run_name": "ChurnMLP_v2",
  "threshold": 0.35,
  "roc_auc": 0.8509075793265899,
  "recall": 0.9407008086253369,
  "f1": 0.5697959183673469,
  "pr_auc": 0.664360272202228
}